Location_ID,Sensor_Description,Sensor_Name,Installation_Date,Note,Location_Type,Status,Direction_1,Direction_2,Latitude,Longitude,Installation_Date_Missing
3,Melbourne Central,Swa295_T,2009-03-25,No note,Outdoor,A,North,South,-37.81101524,144.96429485,False
5,Princes Bridge,PriNW_T,2009-03-26,Replace with: 00:6e:02:01:9e:54,Outdoor,A,North,South,-37.81874249,144.96787656,False
9,Southern Cross Station,Col700_T,2009-03-23,No note,Outdoor,A,East,West,-37.81982992,144.95102555,False
11,Docklands Waterfront City Building Side,WatCit_T,2009-01-20,Device has been replaced with new sensor on 22/03/2019,Outdoor,A,East,West,-37.81566651,144.93974366,False
12,New Quay,NewQ_T,2009-01-21,No note,Outdoor,A,East,West,-37.81457988,144.94292398,False
14,Sandridge Bridge,SanBri_T,2009-03-24,Sensor relocated to sensor ID 25 on 2/10/2019,Outdoor,A,North,South,-37.82011242,144.96291897,False
18,Collins Place (North),Col12_T,2009-03-30,No note,Outdoor,A,East,West,-37.81344862,144.97305353,False
19,Chinatown-Swanston St (North),LtB210_T,2013-09-02,"Pushbox Upgrade, 20/07/2023",Outdoor,A,East,West,-37.81237202,144.96550671,False
20,Chinatown-Lt Bourke St (South),LtB170_T,2013-09-06,"Pushbox Upgrade, 20/07/2023",Outdoor,A,East,West,-37.81172914,144.9682466,False
27,QV Market-Peel St,Vic_T,2013-08-16,No note,Outdoor,A,East,West,-37.80606888,144.95644692,False
35,Southbank Promenade,SouthB_T,2016-04-11,Device replaced with two new sensors on 15-4-21,Outdoor,A,East,West,-37.82018685,144.96508508,False
41,Flinders La-Swanston St (West),Swa31,2017-06-29,No note,Outdoor,A,North,South,-37.81668634,144.96689733,False
43,Monash Rd-Swanston St (West),UM2_T,2015-04-15,No note,Outdoor,A,North,South,-37.79844526,144.96411782,False
44,Tin Alley-Swanston St (West),UM3_T,2015-04-15,"Pushbox Upgrade, 30/06/2023",Outdoor,A,North,South,-37.79698741,144.96441306,False
46,Pelham St (South),Pel147_T,2017-07-10,No note,Outdoor,A,East,West,-37.80240719,144.9615673,False
47,Melbourne Central-Elizabeth St (East),Eli250_T,2017-08-24,"Pushbox Upgrade, 25/07/2023. Move to 250 Elizabeth Street from adjacent St. Francis Church at 266 Elizabeth.",Outdoor,A,North,South,-37.81258467,144.9625775,False
48,QVM-Queen St (East),QVMQ_T,2017-10-02,"Pushbox Upgrade, 03/07/2023",Outdoor,A,East,West,-37.80631581,144.95866697,False
50,Faraday St-Lygon St (West),Lyg309_T,2017-11-30,"Pushbox Upgrade, 25/07/2023",Outdoor,A,North,South,-37.79808192,144.96721013,False
51,QVM-Franklin St (North),Fra118_T,2017-11-30,"Pushbox Upgrade, 20/07/2023",Outdoor,A,East,West,-37.80841815,144.95906316,False
52,Elizabeth St-Lonsdale St (South),Eli263_T,2017-07-31,"Pushbox Upgrade, 25/07/2023",Outdoor,A,East,West,-37.81252157,144.9619401,False
53,Collins Street (North),Col254_T,2015-09-23,No note,Outdoor,A,East,West,-37.81564191,144.965499,False
54,Lincoln-Swanston (West),Swa607_T,2018-06-26,No note,Outdoor,A,North,South,-37.804024,144.96308399,False
56,Lonsdale St - Elizabeth St (North),Lon364_T,2018-07-25,Sensor device has been replaced,Outdoor,A,East,West,-37.81234775,144.96153311,False
68,Flinders Ln -Degraves St (North),FLDegN_T,2020-06-03,No note,Outdoor,A,East,West,-37.8168479,144.96559789,False
69,Flinders Ln -Degraves St (Crossing),FLDegC_T,2020-06-03,No note,Outdoor,A,North,South,-37.81687226,144.96559144,False
72,Flinders St- ACMI,ACMI_T,2020-11-30,No note,Outdoor,A,East,West,-37.81726338,144.96872809,False
81,Boyd Commuinty - Front door,BoCoF_T,2021-03-30,No note,Indoor,A,Not Reported,Not Reported,-37.82579138,144.96084343,False
82,512 Elizabeth Street,Eli512_T,2021-11-05,No note,Indoor,A,Not Reported,Not Reported,-37.80667227,144.96005554,False
85,Macaulay Rd (North),488Mac_T,2021-12-21,No note,Outdoor,A,East,West,-37.79432415,144.92973378,False
86,Queensberry St - Errol St (South),574Qub_T,2021-12-21,No note,Outdoor,A,East,West,-37.80309992,144.94908064,False
89,City Library,CityLi_T,2013-12-11,No note,Indoor,A,Not Reported,Not Reported,-37.81685964,144.96586575,False
90,Boyd Community Hub- Library,BoCoL_T,2015-08-11,No note,Indoor,A,Not Reported,Not Reported,-37.82556207,144.96115421,False
93,East Melbourne Library,EastLib_T,2013-02-02,No note,Indoor,A,Not Reported,Not Reported,-37.81498411,144.98638807,False
96,Fitzroy Garden Visitor Centre Internal,FitGarVisIInt_T,2015-03-02,"Pushbox Upgrade, 30/06/2023",Indoor,A,Not Reported,Not Reported,-37.81499687,144.97925064,False
105,Kathleen Syme Library Lib,KatLib2_T,2018-02-02,No note,Indoor,A,Not Reported,Not Reported,-37.79861828,144.9652825,False
108,William St - Little Lonsdale St (West),261Will_T,2022-10-08,Added lines for 7 Eleven Store - 2025-05-07,Outdoor,A,North,South,-37.81295822,144.95678789,False
116,Fitzroy Garden Visitor Centre Cafe Verandah,FitCafVis_T,2015-03-02,"Pushbox Upgrade, 30/06/2023",Indoor,A,Not Reported,Not Reported,-37.81493732,144.97932442,False
117,114 Flinders Street Car Park Footpath,Fli114F_T,2022-12-06,No note,Outdoor,A,East,West,-37.81629332,144.97090877,False
123,Birrarung Marr East - Batman Ave Bridge Entry,BirBridge_T,2023-06-02,<Null>,Outdoor,A,East,West,-37.81753741,144.97329734,False
132,I-Hub Corner of King Street and Latrobe Street (317-335 King),King335_T,2023-09-25,No note,Outdoor,A,North,South,-37.81267639,144.95386444,False
133,I-Hub Southern Cross Station - Lonsdale Street Entrance - South,Spen229_T,2023-09-25,No note,Outdoor,A,North,South,-37.81531435,144.95227769,False
136,"COM Pole 1120 - Towards the City, Near Federation Square Bridge",BirFed1120_T,2023-11-03,No note,Outdoor,A,East,West,-37.8184141,144.97357915,False
139,COM Pole 1647 - Sandridge Bridge Signal Box,Signal1647_T,2023-11-20,No note,Outdoor,A,East,West,-37.81959923,144.9632832,False
140,COM Pole 2837 - Boyd Park,Boyd2837_T,2023-11-02,No note,Outdoor,A,North,South,-37.82590962,144.96185972,False
142,COM Pole 1584 - Hammer Hall Entrance,Hammer1584_T,2023-11-03,No note,Outdoor,A,East,West,-37.81970749,144.96795734,False
146,narrm ngarrgu Library - Level 1 - Lift 3,narrLibL1L3_T,2023-10-23,No note,Indoor,A,Not Reported,Not Reported,-37.80766922,144.95840594,False
150,narrm ngarrgu Library - Level 1 Main Stairs B,narrLibL1MB_T,2023-10-23,No note,Indoor,A,Not Reported,Not Reported,-37.80791198,144.95820087,False
155,narrm ngarrgu Library - Level 3 Children's Library Door 2,narrLibL#C2_T,2023-10-23,No note,Indoor,A,Not Reported,Not Reported,-37.80783201,144.95845043,False
160,"City Baths, 420 Swanston Street - Main Entry",Swa420_T,2024-06-04,No note,Indoor,A,Not Reported,Not Reported,-37.80699526,144.96306214,False
161,Birrarung Marr - COM - Pole 1109,BirArt1109_T,2024-06-04,No note,Outdoor,A,East,West,-37.81851276,144.97131336,False
165,475 Spencer Street,Spen475_T,2024-08-14,No note,Outdoor,A,North,South,-37.80953359,144.94939004,False
181,368 Elizabeth Street,Eli368_T,2025-03-26,Moved from 380 Elizabeth Street,Outdoor,A,North,South,-37.81009465,144.96143149,False
188,RMIT Building 51 - 80-92 Victoria Street,RMIT51_T,2025-10-17,No note,Outdoor,A,North,South,-37.80663222,144.96456557,False
1,Bourke Street Mall (North),Bou292_T,2009-03-24,No note,Outdoor,A,East,West,-37.81349441,144.96515323,False
4,Town Hall (West),Swa123_T,2009-03-23,No note,Outdoor,A,North,South,-37.81487988,144.9660878,False
6,Flinders Underpass - Myki Barriers,FliS_T,2009-03-25,Upgraded on 8/09/21,Outdoor,A,North,South,-37.81907439,144.96557866,False
10,Victoria Point,BouHbr_T,2009-04-23,No note,Outdoor,A,East,West,-37.81876474,144.94710545,False
17,Collins Place (South),Col15_T,2009-03-30,Device upgraded in 26/02/2020,Outdoor,A,East,West,-37.81362543,144.97323591,False
24,Spencer St-Collins St (North),Col620_T,2013-09-02,No note,Outdoor,A,East,West,-37.81887963,144.95449198,False
31,Lygon St (West),Lyg161_T,2013-10-10,"Pushbox Upgrade, 25/07/2023",Outdoor,A,North,South,-37.80169681,144.96658911,False
36,Queen St (West),Que85_T,2015-01-20,"Pushbox Upgrade, 03/08/2023",Outdoor,A,North,South,-37.81652527,144.96121062,False
39,Alfred Place,AlfPl_T,2019-12-04,In 4/12/2019 sensor upgraded,Outdoor,A,North,South,-37.81379749,144.96995745,False
45,Little Collins St-Swanston St (East),Swa148_T,2017-06-29,"Pushbox Upgrade, 03/08/2023",Outdoor,A,North,South,-37.81414075,144.96609379,False
49,QVM-Therry St (South),Eli501_T,2017-11-29,"Pushbox Upgrade, 20/07/2023",Outdoor,A,East,West,-37.80730068,144.95956055,False
58,Bourke St - Spencer St (North),Bou688_T,2018-09-27,No note,Outdoor,A,East,West,-37.81686075,144.95358075,False
59,Building 80 RMIT,RMIT_T,2019-02-13,No note,Outdoor,A,North,South,-37.80825648,144.96304859,False
61,RMIT Building 14,RMIT14_T,2019-06-28,No note,Outdoor,A,North,South,-37.80767455,144.96309114,False
62,La Trobe St (North),Lat224_T,2019-09-25,No note,Outdoor,A,East,West,-37.80996494,144.96216521,False
66,"QV2 Apartments, 300 Swanston Street",QVN_T,2020-04-06,No note,Outdoor,A,North,South,-37.81057846,144.96444294,False
75,Spring St- Flinders st (West),SprFli_T,2020-12-18,No note,Outdoor,A,North,South,-37.81515276,144.97467661,False
77,Harbour Esplanade (West) - Pedestrian path,HarEsP_T,2021-03-25,Replaced - water damaged,Outdoor,A,North,South,-37.81441438,144.94433026,False
79,Flinders St (South),FliSS_T,2021-09-10,No note,Outdoor,A,East,West,-37.81794046,144.96616678,False
80,Boyd Commuinty - Rear door,BoCoR_T,2021-03-30,No note,Indoor,A,Not Reported,Not Reported,-37.8254567,144.96131206,False
83,510 Elizabeth Street,Eli510_T,2021-11-05,No note,Indoor,A,Not Reported,Not Reported,-37.8067319,144.96005113,False
84,Elizabeth St - Flinders St (East) - New footpath,ElFi_T,2021-12-03,Sensing Data started on 2019-02-14,Outdoor,A,North,South,-37.81798049,144.96503383,False
87,Errol St (West),Errol23_T,2022-05-20,No note,Outdoor,A,North,South,-37.80454949,144.94921863,False
91,Library at The Dock-North side,DocLib1_T,2015-06-05,No note,Indoor,A,Not Reported,Not Reported,-37.8200188,144.94029861,False
94,Fitzroy Garden- The Conservatory,FitConVis_T,2015-03-02,No note,Indoor,A,Not Reported,Not Reported,-37.81424531,144.97851861,False
95,Fitzroy Garden Visitor Centre External,FitGarExtVisExt_T,2015-03-02,"Pushbox Upgrade, 30/06/2023",Indoor,A,Not Reported,Not Reported,-37.81488315,144.97926569,False
102,North Melbourne Library,NtMelLib_T,2018-02-02,No note,Indoor,A,Not Reported,Not Reported,-37.80340543,144.94977011,False
103,Kensington Town Hall,KenTown_T,2018-02-02,Device Replace,Indoor,A,Not Reported,Not Reported,-37.7893527,144.9286055,False
107,Royal Mint 280 William St,280Will_T,2022-10-08,No note,Outdoor,A,North,South,-37.81246271,144.95690188,False
109,La Trobe St- William St (South),LatWill_T,2022-10-08,No note,Outdoor,A,East,West,-37.81193681,144.95621105,False
124,Birrarung Marr East - Batman Ave Bridge Entry,BirBridge_T,2023-06-02,No note,Outdoor,A,North,South,-37.81757416,144.97329934,False
135,I-Hub Southern Cross Station - Bourke Street Entrance - South,Spen161_T,2023-09-25,No note,Outdoor,A,North,South,-37.8172861,144.95319102,False
137,"COM Pole 2353 - Towards the city, NAB Building",BouHbr2353_T,2023-11-03,No note,Outdoor,A,East,West,-37.81894815,144.94612292,False
138,"COM Pole 1671 - Enterprize Park, Queens Bridge",EntPark1671_T,2023-11-20,No note,Outdoor,A,East,West,-37.81996544,144.95981454,False
141,Awning of Nationwide Parking 474 Flinders Street,474Fl_T,2023-11-10,No note,Outdoor,A,East,West,-37.81997273,144.95834911,False
148,narrm ngarrgu Library - Level 1 - Meeting Room Lift 2,narrLibMRL2_T,2023-10-23,No note,Indoor,A,Not Reported,Not Reported,-37.80772224,144.95823515,False
149,narrm ngarrgu Library - Level 1 Main Stairs A,narrLibL1MA_T,2023-10-23,No note,Indoor,A,Not Reported,Not Reported,-37.80781158,144.9582219,False
151,narrm ngarrgu Library - Level 2 - Collections Stairs A,narrLibL2CA_T,2023-10-23,No note,Indoor,A,Not Reported,Not Reported,-37.80771581,144.9586238,False
153,narrm ngarrgu Library - Level 2 - Study Area Lifts 2,narrLibL2S2_T,2023-10-23,No note,Indoor,A,Not Reported,Not Reported,-37.80780367,144.95829765,False
154,narrm ngarrgu Library - Level 3 Children's Library Door 1,narrLibL3C1_T,2023-10-23,No note,Indoor,A,Not Reported,Not Reported,-37.80778437,144.95862772,False
158,514 Elizebeth Street,Eli514_T,2024-01-29,No note,Indoor,A,Not Reported,Not Reported,-37.80657467,144.96007044,False
164,I-Hub 526 La Trobe Street (Footpath),Lat526_T,2024-08-14,No note,Outdoor,A,East,West,-37.813005,144.95160411,False
180,"Pumping Station No.2, 330 Macaulay Road",Mac330_T,2025-03-11,No note,Outdoor,A,East,West,-37.79497059,144.93530329,False
185,197 Elizabeth Street,Eli197_T,2025-06-28,No note,Outdoor,A,North,South,-37.81374643,144.96276183,False
209,Flinders Underpass - Walkway,FliS_T,2009-03-25,Upgraded on 8/09/21,Outdoor,A,North,South,-37.81909037,144.96549709,False
2,Bourke Street Mall (South),Bou283_T,2009-03-30,No note,Outdoor,A,East,West,-37.81380668,144.96516718,False
8,Webb Bridge,WebBN_T,2009-03-24,No note,Outdoor,A,North,South,-37.82293543,144.9471751,False
21,155-161 Russell Street,Bourke155_T,2013-09-02,No note,Outdoor,A,North,South,-37.81267313,144.96788288,False
23,Spencer St-Collins St (South),Col623_T,2013-09-02,"Pushbox Upgrade, 25/07/2023",Outdoor,A,East,West,-37.81909256,144.95452748,False
25,Melbourne Convention Exhibition Centre,MCEC_T,2013-08-28,No note,Outdoor,A,East,West,-37.82401776,144.95604426,False
29,St Kilda Rd-Alexandra Gardens,AG_T,2013-10-11,sensor upgraded from laser to 3D on 19/12/2019,Outdoor,A,North,South,-37.8199817,144.96872865,False
30,Lonsdale St (South),Lon189_T,2013-10-14,"Pushbox Upgrade, 20/07/2023",Outdoor,A,East,West,-37.8112185,144.96656806,False
37,Lygon St (East),Lyg260_T,2015-02-11,"Pushbox Upgrade, 30/06/2023. Move from 174 to 260 Lygon Street (12/08/2024)",Outdoor,A,North,South,-37.80107122,144.96704554,False
40,Lonsdale St-Spring St (West),Spr201_T,2015-01-19,"Pushbox Upgrade, 03/08/2023",Outdoor,A,North,South,-37.80999341,144.97227587,False
42,Grattan St-Swanston St (West),UM1_T,,Sensor Upgraded,Outdoor,A,North,South,-37.80008566,144.96386412,True
63,231 Bourke St,Bou231_T,2020-01-07,No note,Outdoor,A,East,West,-37.81333081,144.96675571,False
67,Flinders Ln -Degraves St (South),FLDegS_T,2020-06-03,No note,Outdoor,A,East,West,-37.81688755,144.96562569,False
70,Errol Street (East),Errol20_T,2020-10-12,No note,Outdoor,A,North,South,-37.80456984,144.94946228,False
71,Westwood Place,WestWP_T,2020-10-16,No note,Outdoor,A,North,South,-37.81235775,144.97136962,False
76,Macaulay Rd- Bellair St,KenMac_T,2021-02-20,No note,Outdoor,A,East,West,-37.79453803,144.93036194,False
92,Library at The Dock-South side,DocLib2_T,2015-06-05,No note,Indoor,A,Not Reported,Not Reported,-37.82016286,144.94039584,False
99,Town Hall Visitor Centre,TownVis_T,2020-02-02,"Pushbox Upgrade, 03/08/2023",Indoor,A,Not Reported,Not Reported,-37.81462143,144.96623279,False
104,Kathleen Syme Library Main,KatLib1_T,2018-02-02,No note,Indoor,A,Not Reported,Not Reported,-37.79863553,144.96548206,False
106,Kathleen Syme Library Cafe,KatLib3_T,2018-02-02,No note,Indoor,A,Not Reported,Not Reported,-37.79859459,144.96510921,False
118,114 Flinders Street Car Park Crossing,Fli114C_T,2022-12-06,No note,Outdoor,A,North,South,-37.81632783,144.97090512,False
130,I-Hub 892 Bourke Street,Bou892T,2023-09-25,No note,Outdoor,A,East,West,-37.8204637,144.94126826,False
131,I-Hub Corner of King Street and Flinders Street (2-6 King),King2_T,2023-09-25,No note,Outdoor,A,North,South,-37.82009057,144.95758725,False
134,I-Hub Southern Cross Station - Bourke Street Entrance - North,Spen201_T,2023-09-25,No note,Outdoor,A,North,South,-37.81694221,144.95303935,False
143,"Mounted on Toilet - Spencer Street, Batman Park",Spencer_T,2024-04-10,No note,Outdoor,A,North,South,-37.821728,144.95557015,False
144,narrm ngarrgu Library - Level 1 - Lift 1,narrLibL1L1_T,2023-10-23,No note,Indoor,A,Not Reported,Not Reported,-37.80760657,144.95862847,False
145,narrm ngarrgu Library - Level 1 - Lift 2,narrLibL1L2_T,2023-10-23,No note,Indoor,A,Not Reported,Not Reported,-37.80763871,144.95850722,False
147,narrm ngarrgu Library - Level 1 - Meeting Room Lift 1,narrLibMRL1_T,2023-10-23,No note,Indoor,A,Not Reported,Not Reported,-37.80769805,144.95832131,False
152,narrm ngarrgu Library - Level 2 - Study Area Lifts 1,narrLibL2S1_T,2023-10-23,No note,Indoor,A,Not Reported,Not Reported,-37.80776728,144.95843977,False
159,516 Elizeberth Street,Eli516_T,2024-01-29,No note,Indoor,A,Not Reported,Not Reported,-37.80651646,144.96007934,False
162,iHub 489 Elizabeth Street,Eli489_T,2024-07-01,No note,Outdoor,A,North,South,-37.80740397,144.95987909,False
166,484 Spencer Street,Spen484_T,2024-09-25,Former sensor 227 Bourke Street – City Lab,Outdoor,A,North,South,-37.80896733,144.94931703,False
167,I-Hub 526 La Trobe Street (Crossing),Lat526_T,2024-08-14,No note,Outdoor,A,North,South,-37.81304149,144.95155955,False
179,61-67 Power Street Southbank,Pow61_T,2024-12-19,No note,Outdoor,A,North,South,-37.82392385,144.96299677,False
182,163 King Street,King163_T,2025-04-11,No note,Outdoor,A,North,South,-37.81627451,144.95550503,False
184,124 Elizabeth Street,Eli124_T,2025-06-28,No note,Outdoor,A,North,South,-37.81512416,144.96371988,False
187,RMIT Building 22 - 330 Swanston Street,Swa330_T,2025-10-18,No note,Outdoor,A,East,West,-37.80942561,144.96395473,False
